tenantId,assetId,source,title,description,severity,category,type,detectedAt,lastUpdatedAt,resolvedAt,status,confidence,region,remediation.steps,remediation.automated,remediation.lambdaActionId,relatedFindings,metadata
64fa1a2b3c4d5e6f7a8b9c0d,0c2b2f8634132c4f61bee1b8,cloudwatch,Threat finding 1,Auto-sample threat,critical,intrusion,resource_exhaustion,2025-10-08T01:13:28.029Z,2025-10-04T13:07:22.347Z,,investigating,88,ap-south-1,"[""Investigate"",""Remediate""]",false,,"[""fd-1""]","{""accountId"":""123456789012""}"
64fa1a2b3c4d5e6f7a8b9c0d,36d630503bb9747cc42feba6,manual,Threat finding 2,Auto-sample threat,critical,performance,resource_exhaustion,2025-10-07T09:14:22.717Z,2025-10-07T21:52:23.254Z,,investigating,72,ap-south-1,"[""Investigate"",""Remediate""]",false,,"[""fd-2""]","{""accountId"":""123456789012""}"
64fa1a2b3c4d5e6f7a8b9c0d,cfe951800dfb1b596df954a9,external_feed,Threat finding 3,Auto-sample threat,high,performance,anomaly,2025-10-07T11:29:28.794Z,2025-10-09T15:34:30.411Z,,investigating,67,us-east-1,"[""Investigate"",""Remediate""]",false,,"[""fd-3""]","{""accountId"":""123456789012""}"
64fa1a2b3c4d5e6f7a8b9c0d,35ed35c4bc6d99df573e7640,security_hub,Threat finding 4,Auto-sample threat,high,configuration,resource_exhaustion,2025-10-04T10:38:04.046Z,2025-10-09T05:51:40.558Z,,false_positive,82,us-east-1,"[""Investigate"",""Remediate""]",true,auto-lambda-4,"[""fd-4""]","{""accountId"":""123456789012""}"
64fa1a2b3c4d5e6f7a8b9c0d,53015742a858b67ea414b46c,guardduty,Threat finding 5,Auto-sample threat,medium,performance,mispolicy,2025-10-06T13:58:55.166Z,2025-10-06T05:42:31.793Z,2025-10-08T09:23:20.022Z,resolved,68,eu-central-1,"[""Investigate"",""Remediate""]",false,,"[""fd-5""]","{""accountId"":""123456789012""}"
64fa1a2b3c4d5e6f7a8b9c0d,1f2e859c83608c50a47f84ce,manual,Threat finding 6,Auto-sample threat,critical,configuration,resource_exhaustion,2025-10-10T17:50:39.454Z,2025-10-11T07:47:25.829Z,,false_positive,99,eu-central-1,"[""Investigate"",""Remediate""]",false,,"[""fd-6""]","{""accountId"":""123456789012""}"
64fa1a2b3c4d5e6f7a8b9c0d,132ae1b05c6c2524200dc4a2,external_feed,Threat finding 7,Auto-sample threat,critical,network,resource_exhaustion,2025-10-08T04:35:07.964Z,2025-10-07T01:45:23.615Z,,investigating,63,eu-central-1,"[""Investigate"",""Remediate""]",false,,"[""fd-7""]","{""accountId"":""123456789012""}"
64fa1a2b3c4d5e6f7a8b9c0d,4a0fa00ae3f667b9b4dc4276,cloudwatch,Threat finding 8,Auto-sample threat,high,performance,anomaly,2025-10-06T17:37:08.445Z,2025-10-09T09:52:36.516Z,,investigating,78,us-west-2,"[""Investigate"",""Remediate""]",true,auto-lambda-8,"[""fd-8""]","{""accountId"":""123456789012""}"
64fa1a2b3c4d5e6f7a8b9c0d,fc056247146aa7120e2534d3,manual,Threat finding 9,Auto-sample threat,high,performance,mispolicy,2025-10-05T03:32:47.801Z,2025-10-08T02:18:40.847Z,,investigating,66,eu-central-1,"[""Investigate"",""Remediate""]",false,,"[""fd-9""]","{""accountId"":""123456789012""}"
64fa1a2b3c4d5e6f7a8b9c0d,28d7cdbc916d66c88b6109f7,security_hub,Threat finding 10,Auto-sample threat,medium,performance,resource_exhaustion,2025-10-08T22:10:48.728Z,2025-10-05T17:41:07.332Z,2025-10-05T14:26:20.048Z,investigating,81,eu-central-1,"[""Investigate"",""Remediate""]",false,,"[""fd-10""]","{""accountId"":""123456789012""}"
64fa1a2b3c4d5e6f7a8b9c0d,7455b749df9e8f1aa8a16d38,guardduty,Threat finding 11,Auto-sample threat,medium,network,resource_exhaustion,2025-10-04T11:19:10.756Z,2025-10-07T08:15:45.836Z,,investigating,96,us-west-2,"[""Investigate"",""Remediate""]",false,,"[""fd-11""]","{""accountId"":""123456789012""}"
64fa1a2b3c4d5e6f7a8b9c0d,51ef043f85bb3fdaa830fbc0,cloudwatch,Threat finding 12,Auto-sample threat,low,configuration,malicious_api,2025-10-08T23:33:05.140Z,2025-10-05T00:21:19.862Z,,active,100,us-west-2,"[""Investigate"",""Remediate""]",true,auto-lambda-12,"[""fd-12""]","{""accountId"":""123456789012""}"
64fa1a2b3c4d5e6f7a8b9c0d,c38286392b64ec6f7c9f5b9d,cloudwatch,Threat finding 13,Auto-sample threat,critical,network,resource_exhaustion,2025-10-06T21:15:40.360Z,2025-10-05T06:35:14.499Z,,active,65,eu-central-1,"[""Investigate"",""Remediate""]",false,,"[""fd-13""]","{""accountId"":""123456789012""}"
64fa1a2b3c4d5e6f7a8b9c0d,5628980d8bdb442abc17ef79,external_feed,Threat finding 14,Auto-sample threat,low,configuration,anomaly,2025-10-10T08:35:03.756Z,2025-10-11T02:05:58.519Z,,active,99,us-west-2,"[""Investigate"",""Remediate""]",false,,"[""fd-14""]","{""accountId"":""123456789012""}"
64fa1a2b3c4d5e6f7a8b9c0d,db786a1cc1fda8161c47de1f,external_feed,Threat finding 15,Auto-sample threat,high,configuration,malicious_api,2025-10-05T02:14:27.350Z,2025-10-10T01:37:15.774Z,2025-10-05T04:30:13.501Z,resolved,78,us-east-1,"[""Investigate"",""Remediate""]",false,,"[""fd-15""]","{""accountId"":""123456789012""}"
64fa1a2b3c4d5e6f7a8b9c0d,15bc0bd0df3b652dbd1da926,guardduty,Threat finding 16,Auto-sample threat,critical,performance,mispolicy,2025-10-07T11:22:33.606Z,2025-10-11T00:48:25.038Z,,resolved,67,eu-central-1,"[""Investigate"",""Remediate""]",true,auto-lambda-16,"[""fd-16""]","{""accountId"":""123456789012""}"
64fa1a2b3c4d5e6f7a8b9c0d,a04ed641708146cc073154b4,manual,Threat finding 17,Auto-sample threat,high,network,malicious_api,2025-10-05T17:14:18.105Z,2025-10-04T16:27:32.523Z,,investigating,61,ap-south-1,"[""Investigate"",""Remediate""]",false,,"[""fd-17""]","{""accountId"":""123456789012""}"
64fa1a2b3c4d5e6f7a8b9c0d,ea216ec79d14b5cfb65b0743,cloudwatch,Threat finding 18,Auto-sample threat,critical,network,resource_exhaustion,2025-10-04T21:32:59.393Z,2025-10-05T18:06:15.423Z,,active,93,us-west-2,"[""Investigate"",""Remediate""]",false,,"[""fd-18""]","{""accountId"":""123456789012""}"
64fa1a2b3c4d5e6f7a8b9c0d,4a0fa00ae3f667b9b4dc4276,security_hub,Threat finding 19,Auto-sample threat,high,configuration,mispolicy,2025-10-09T06:24:40.780Z,2025-10-06T09:28:14.462Z,,investigating,81,us-west-2,"[""Investigate"",""Remediate""]",false,,"[""fd-19""]","{""accountId"":""123456789012""}"
64fa1a2b3c4d5e6f7a8b9c0d,cfe951800dfb1b596df954a9,external_feed,Threat finding 20,Auto-sample threat,high,network,mispolicy,2025-10-07T20:30:16.958Z,2025-10-06T02:49:49.754Z,2025-10-07T22:56:43.714Z,resolved,81,us-east-1,"[""Investigate"",""Remediate""]",true,auto-lambda-20,"[""fd-20""]","{""accountId"":""123456789012""}"
64fa1a2b3c4d5e6f7a8b9c0d,ea3b2206c592e27eeada8e94,guardduty,Threat finding 21,Auto-sample threat,high,network,anomaly,2025-10-06T14:22:34.255Z,2025-10-08T03:37:38.955Z,,resolved,95,us-east-1,"[""Investigate"",""Remediate""]",false,,"[""fd-21""]","{""accountId"":""123456789012""}"
64fa1a2b3c4d5e6f7a8b9c0d,2661e77fce24b33f44fc816f,security_hub,Threat finding 22,Auto-sample threat,medium,intrusion,malicious_api,2025-10-06T01:29:45.910Z,2025-10-08T16:26:25.504Z,,resolved,78,eu-central-1,"[""Investigate"",""Remediate""]",false,,"[""fd-22""]","{""accountId"":""123456789012""}"
64fa1a2b3c4d5e6f7a8b9c0d,b2fc926418a46b245107771c,cloudwatch,Threat finding 23,Auto-sample threat,medium,network,malicious_api,2025-10-09T22:17:22.532Z,2025-10-05T05:52:28.319Z,,investigating,61,eu-central-1,"[""Investigate"",""Remediate""]",false,,"[""fd-23""]","{""accountId"":""123456789012""}"
64fa1a2b3c4d5e6f7a8b9c0d,94f7553388c312de48ec997d,external_feed,Threat finding 24,Auto-sample threat,critical,configuration,mispolicy,2025-10-06T17:34:04.682Z,2025-10-05T20:13:21.032Z,,active,65,us-east-1,"[""Investigate"",""Remediate""]",true,auto-lambda-24,"[""fd-24""]","{""accountId"":""123456789012""}"
64fa1a2b3c4d5e6f7a8b9c0d,66a5129beb6180cdf7259cc7,external_feed,Threat finding 25,Auto-sample threat,low,network,anomaly,2025-10-07T17:36:42.541Z,2025-10-11T00:15:57.570Z,2025-10-07T01:52:10.693Z,investigating,71,eu-central-1,"[""Investigate"",""Remediate""]",false,,"[""fd-25""]","{""accountId"":""123456789012""}"
64fa1a2b3c4d5e6f7a8b9c0d,f74a8df8af23c6ee173076e3,security_hub,Threat finding 26,Auto-sample threat,high,performance,mispolicy,2025-10-08T06:59:36.333Z,2025-10-08T17:07:02.059Z,,active,70,us-east-1,"[""Investigate"",""Remediate""]",false,,"[""fd-26""]","{""accountId"":""123456789012""}"
64fa1a2b3c4d5e6f7a8b9c0d,42f9952c40a1d75a5a687b92,cloudwatch,Threat finding 27,Auto-sample threat,high,performance,resource_exhaustion,2025-10-08T11:22:28.739Z,2025-10-04T23:07:50.895Z,,resolved,79,us-east-1,"[""Investigate"",""Remediate""]",false,,"[""fd-27""]","{""accountId"":""123456789012""}"
64fa1a2b3c4d5e6f7a8b9c0d,109a026c61301d5395aeaf92,external_feed,Threat finding 28,Auto-sample threat,critical,configuration,anomaly,2025-10-06T03:22:33.055Z,2025-10-09T15:37:03.265Z,,resolved,93,ap-south-1,"[""Investigate"",""Remediate""]",true,auto-lambda-28,"[""fd-28""]","{""accountId"":""123456789012""}"
64fa1a2b3c4d5e6f7a8b9c0d,4c716f38fb964b7a7f053698,security_hub,Threat finding 29,Auto-sample threat,critical,intrusion,malicious_api,2025-10-09T21:21:42.012Z,2025-10-09T02:33:01.916Z,,false_positive,75,us-east-1,"[""Investigate"",""Remediate""]",false,,"[""fd-29""]","{""accountId"":""123456789012""}"
64fa1a2b3c4d5e6f7a8b9c0d,d9242215578c11603c2202dc,security_hub,Threat finding 30,Auto-sample threat,critical,configuration,anomaly,2025-10-08T18:02:29.617Z,2025-10-04T21:56:26.757Z,2025-10-10T11:29:45.123Z,resolved,63,ap-south-1,"[""Investigate"",""Remediate""]",false,,"[""fd-30""]","{""accountId"":""123456789012""}"
64fa1a2b3c4d5e6f7a8b9c0d,e2b81a5aaf722afa4aa781a0,manual,Threat finding 31,Auto-sample threat,critical,configuration,anomaly,2025-10-05T07:34:42.005Z,2025-10-10T08:52:35.623Z,,investigating,77,us-east-1,"[""Investigate"",""Remediate""]",false,,"[""fd-31""]","{""accountId"":""123456789012""}"
64fa1a2b3c4d5e6f7a8b9c0d,d4b4bd87b97a8d0fa6a69523,manual,Threat finding 32,Auto-sample threat,high,intrusion,mispolicy,2025-10-06T07:48:43.306Z,2025-10-09T23:04:02.371Z,,false_positive,60,ap-south-1,"[""Investigate"",""Remediate""]",true,auto-lambda-32,"[""fd-32""]","{""accountId"":""123456789012""}"
64fa1a2b3c4d5e6f7a8b9c0d,0320867ac7fa0a4ebb121060,external_feed,Threat finding 33,Auto-sample threat,medium,configuration,anomaly,2025-10-09T10:35:00.508Z,2025-10-09T10:03:24.837Z,,resolved,74,us-east-1,"[""Investigate"",""Remediate""]",false,,"[""fd-33""]","{""accountId"":""123456789012""}"
64fa1a2b3c4d5e6f7a8b9c0d,ea3b2206c592e27eeada8e94,security_hub,Threat finding 34,Auto-sample threat,high,network,malicious_api,2025-10-08T03:06:53.718Z,2025-10-07T04:58:16.278Z,,false_positive,72,us-east-1,"[""Investigate"",""Remediate""]",false,,"[""fd-34""]","{""accountId"":""123456789012""}"
64fa1a2b3c4d5e6f7a8b9c0d,7455b749df9e8f1aa8a16d38,security_hub,Threat finding 35,Auto-sample threat,medium,intrusion,mispolicy,2025-10-10T16:20:06.563Z,2025-10-08T20:59:41.873Z,2025-10-07T03:18:56.459Z,active,78,us-west-2,"[""Investigate"",""Remediate""]",false,,"[""fd-35""]","{""accountId"":""123456789012""}"
64fa1a2b3c4d5e6f7a8b9c0d,d32afad9a4beff1f0965d858,manual,Threat finding 36,Auto-sample threat,medium,performance,mispolicy,2025-10-07T18:58:43.880Z,2025-10-08T18:37:14.717Z,,investigating,95,eu-central-1,"[""Investigate"",""Remediate""]",true,auto-lambda-36,"[""fd-36""]","{""accountId"":""123456789012""}"
64fa1a2b3c4d5e6f7a8b9c0d,550dd41913408743541141a8,cloudwatch,Threat finding 37,Auto-sample threat,critical,configuration,anomaly,2025-10-10T03:06:12.615Z,2025-10-10T14:51:04.509Z,,resolved,88,eu-central-1,"[""Investigate"",""Remediate""]",false,,"[""fd-37""]","{""accountId"":""123456789012""}"
64fa1a2b3c4d5e6f7a8b9c0d,3c95d69dc5ead45a61015c35,guardduty,Threat finding 38,Auto-sample threat,high,intrusion,mispolicy,2025-10-08T22:13:14.180Z,2025-10-08T12:45:01.790Z,,resolved,64,us-west-2,"[""Investigate"",""Remediate""]",false,,"[""fd-38""]","{""accountId"":""123456789012""}"
64fa1a2b3c4d5e6f7a8b9c0d,37986860ee3a7088a4df5f14,external_feed,Threat finding 39,Auto-sample threat,high,network,malicious_api,2025-10-11T06:06:44.966Z,2025-10-10T06:43:39.105Z,,resolved,65,ap-south-1,"[""Investigate"",""Remediate""]",false,,"[""fd-39""]","{""accountId"":""123456789012""}"
64fa1a2b3c4d5e6f7a8b9c0d,333d4b03a23e1b1b6d7d08de,external_feed,Threat finding 40,Auto-sample threat,high,intrusion,anomaly,2025-10-09T09:03:19.033Z,2025-10-05T01:41:33.763Z,2025-10-05T11:04:55.293Z,investigating,73,eu-central-1,"[""Investigate"",""Remediate""]",true,auto-lambda-40,"[""fd-40""]","{""accountId"":""123456789012""}"
64fa1a2b3c4d5e6f7a8b9c0d,3cead98a4ff59de662450698,external_feed,Threat finding 41,Auto-sample threat,high,configuration,mispolicy,2025-10-09T11:28:42.305Z,2025-10-04T23:21:55.256Z,,resolved,68,us-west-2,"[""Investigate"",""Remediate""]",false,,"[""fd-41""]","{""accountId"":""123456789012""}"
64fa1a2b3c4d5e6f7a8b9c0d,ee2eb7eca500e647422307de,external_feed,Threat finding 42,Auto-sample threat,high,configuration,anomaly,2025-10-07T00:43:23.030Z,2025-10-08T10:32:54.794Z,,investigating,98,eu-central-1,"[""Investigate"",""Remediate""]",false,,"[""fd-42""]","{""accountId"":""123456789012""}"
64fa1a2b3c4d5e6f7a8b9c0d,2db2d9f2abcce44397a4c166,cloudwatch,Threat finding 43,Auto-sample threat,medium,configuration,mispolicy,2025-10-05T06:26:55.947Z,2025-10-10T18:42:20.689Z,,active,60,us-west-2,"[""Investigate"",""Remediate""]",false,,"[""fd-43""]","{""accountId"":""123456789012""}"
64fa1a2b3c4d5e6f7a8b9c0d,a563877fe13df893ea3521c7,cloudwatch,Threat finding 44,Auto-sample threat,low,configuration,resource_exhaustion,2025-10-06T17:31:14.043Z,2025-10-09T17:27:16.810Z,,resolved,66,us-west-2,"[""Investigate"",""Remediate""]",true,auto-lambda-44,"[""fd-44""]","{""accountId"":""123456789012""}"
64fa1a2b3c4d5e6f7a8b9c0d,9a0566c2b35393ac7aa88431,manual,Threat finding 45,Auto-sample threat,low,configuration,mispolicy,2025-10-10T08:11:41.059Z,2025-10-09T10:09:06.793Z,2025-10-05T12:43:52.095Z,investigating,98,eu-central-1,"[""Investigate"",""Remediate""]",false,,"[""fd-45""]","{""accountId"":""123456789012""}"
64fa1a2b3c4d5e6f7a8b9c0d,dbceec13fe97f9f5411a267a,guardduty,Threat finding 46,Auto-sample threat,high,configuration,malicious_api,2025-10-11T06:36:33.842Z,2025-10-06T05:18:26.888Z,,investigating,94,us-east-1,"[""Investigate"",""Remediate""]",false,,"[""fd-46""]","{""accountId"":""123456789012""}"
64fa1a2b3c4d5e6f7a8b9c0d,d53aa575f0cacb29393b249d,cloudwatch,Threat finding 47,Auto-sample threat,low,configuration,anomaly,2025-10-05T18:51:38.219Z,2025-10-05T06:41:18.020Z,,false_positive,63,ap-south-1,"[""Investigate"",""Remediate""]",false,,"[""fd-47""]","{""accountId"":""123456789012""}"
64fa1a2b3c4d5e6f7a8b9c0d,e553a4b3bd18ac66c8572d99,security_hub,Threat finding 48,Auto-sample threat,medium,performance,mispolicy,2025-10-05T05:27:44.112Z,2025-10-07T02:00:22.621Z,,resolved,100,eu-central-1,"[""Investigate"",""Remediate""]",true,auto-lambda-48,"[""fd-48""]","{""accountId"":""123456789012""}"
64fa1a2b3c4d5e6f7a8b9c0d,0f712c131fd2c69897e4362a,external_feed,Threat finding 49,Auto-sample threat,high,intrusion,resource_exhaustion,2025-10-06T20:17:29.154Z,2025-10-10T06:14:03.707Z,,false_positive,90,eu-central-1,"[""Investigate"",""Remediate""]",false,,"[""fd-49""]","{""accountId"":""123456789012""}"
64fa1a2b3c4d5e6f7a8b9c0d,fd935639d989815699ea9759,cloudwatch,Threat finding 50,Auto-sample threat,critical,performance,anomaly,2025-10-11T04:24:02.229Z,2025-10-05T14:55:37.735Z,2025-10-07T22:49:11.200Z,false_positive,72,us-west-2,"[""Investigate"",""Remediate""]",false,,"[""fd-50""]","{""accountId"":""123456789012""}"
64fa1a2b3c4d5e6f7a8b9c0d,3cead98a4ff59de662450698,external_feed,Threat finding 51,Auto-sample threat,critical,configuration,anomaly,2025-10-07T13:16:00.448Z,2025-10-07T01:08:51.938Z,,active,65,ap-south-1,"[""Investigate"",""Remediate""]",false,,"[""fd-51""]","{""accountId"":""123456789012""}"
64fa1a2b3c4d5e6f7a8b9c0d,536a4316e960109d632925de,guardduty,Threat finding 52,Auto-sample threat,medium,network,mispolicy,2025-10-11T07:58:14.218Z,2025-10-05T17:58:32.063Z,,false_positive,98,ap-south-1,"[""Investigate"",""Remediate""]",true,auto-lambda-52,"[""fd-52""]","{""accountId"":""123456789012""}"
64fa1a2b3c4d5e6f7a8b9c0d,02ce7677abcb65e92f042560,external_feed,Threat finding 53,Auto-sample threat,high,performance,resource_exhaustion,2025-10-06T21:03:54.981Z,2025-10-08T05:25:43.998Z,,resolved,78,eu-central-1,"[""Investigate"",""Remediate""]",false,,"[""fd-53""]","{""accountId"":""123456789012""}"
64fa1a2b3c4d5e6f7a8b9c0d,6477a037d00ab2d341acafb3,guardduty,Threat finding 54,Auto-sample threat,medium,configuration,malicious_api,2025-10-07T20:26:20.348Z,2025-10-07T11:30:08.203Z,,resolved,70,us-west-2,"[""Investigate"",""Remediate""]",false,,"[""fd-54""]","{""accountId"":""123456789012""}"
64fa1a2b3c4d5e6f7a8b9c0d,65a565ff791b818822b44605,manual,Threat finding 55,Auto-sample threat,high,configuration,malicious_api,2025-10-06T01:03:05.360Z,2025-10-07T15:31:46.413Z,2025-10-10T23:21:44.953Z,active,90,us-east-1,"[""Investigate"",""Remediate""]",false,,"[""fd-55""]","{""accountId"":""123456789012""}"
64fa1a2b3c4d5e6f7a8b9c0d,37986860ee3a7088a4df5f14,external_feed,Threat finding 56,Auto-sample threat,high,network,malicious_api,2025-10-10T12:26:40.663Z,2025-10-09T09:52:57.266Z,,false_positive,84,us-east-1,"[""Investigate"",""Remediate""]",true,auto-lambda-56,"[""fd-56""]","{""accountId"":""123456789012""}"
64fa1a2b3c4d5e6f7a8b9c0d,eadbe7a0c29ff0f3cb778ad4,manual,Threat finding 57,Auto-sample threat,critical,configuration,resource_exhaustion,2025-10-09T04:49:00.917Z,2025-10-04T12:41:29.850Z,,active,97,eu-central-1,"[""Investigate"",""Remediate""]",false,,"[""fd-57""]","{""accountId"":""123456789012""}"
64fa1a2b3c4d5e6f7a8b9c0d,d255ae7165e971ea64396e14,external_feed,Threat finding 58,Auto-sample threat,medium,network,resource_exhaustion,2025-10-08T02:19:51.347Z,2025-10-06T12:45:17.086Z,,false_positive,91,eu-central-1,"[""Investigate"",""Remediate""]",false,,"[""fd-58""]","{""accountId"":""123456789012""}"
64fa1a2b3c4d5e6f7a8b9c0d,88824ce68485d6492a55d7a3,external_feed,Threat finding 59,Auto-sample threat,high,configuration,anomaly,2025-10-04T14:31:05.743Z,2025-10-06T21:14:52.787Z,,active,87,us-east-1,"[""Investigate"",""Remediate""]",false,,"[""fd-59""]","{""accountId"":""123456789012""}"
64fa1a2b3c4d5e6f7a8b9c0d,66a5129beb6180cdf7259cc7,cloudwatch,Threat finding 60,Auto-sample threat,high,performance,malicious_api,2025-10-04T16:55:32.470Z,2025-10-06T20:00:43.587Z,2025-10-07T04:24:59.244Z,false_positive,97,us-east-1,"[""Investigate"",""Remediate""]",true,auto-lambda-60,"[""fd-60""]","{""accountId"":""123456789012""}"
64fa1a2b3c4d5e6f7a8b9c0d,fdbf875bd4d2d7626728919f,manual,Threat finding 61,Auto-sample threat,critical,performance,resource_exhaustion,2025-10-09T06:08:29.618Z,2025-10-05T04:14:06.033Z,,active,97,eu-central-1,"[""Investigate"",""Remediate""]",false,,"[""fd-61""]","{""accountId"":""123456789012""}"
64fa1a2b3c4d5e6f7a8b9c0d,cc72c5d5ffbcb63de92005f7,manual,Threat finding 62,Auto-sample threat,medium,intrusion,malicious_api,2025-10-05T06:38:39.265Z,2025-10-06T11:20:42.335Z,,active,94,eu-central-1,"[""Investigate"",""Remediate""]",false,,"[""fd-62""]","{""accountId"":""123456789012""}"
64fa1a2b3c4d5e6f7a8b9c0d,b6fb1adb545800cbecfe0a26,security_hub,Threat finding 63,Auto-sample threat,high,configuration,anomaly,2025-10-10T09:03:20.863Z,2025-10-11T04:01:12.182Z,,false_positive,82,ap-south-1,"[""Investigate"",""Remediate""]",false,,"[""fd-63""]","{""accountId"":""123456789012""}"
64fa1a2b3c4d5e6f7a8b9c0d,5c7a33bb6a63d86ffb374de6,cloudwatch,Threat finding 64,Auto-sample threat,high,intrusion,malicious_api,2025-10-09T04:17:25.630Z,2025-10-09T12:26:58.489Z,,false_positive,97,eu-central-1,"[""Investigate"",""Remediate""]",true,auto-lambda-64,"[""fd-64""]","{""accountId"":""123456789012""}"
64fa1a2b3c4d5e6f7a8b9c0d,de89b41cb8bf0d99eb0afa84,security_hub,Threat finding 65,Auto-sample threat,low,performance,anomaly,2025-10-06T00:42:42.731Z,2025-10-10T05:53:37.381Z,2025-10-10T20:28:33.163Z,investigating,69,ap-south-1,"[""Investigate"",""Remediate""]",false,,"[""fd-65""]","{""accountId"":""123456789012""}"
64fa1a2b3c4d5e6f7a8b9c0d,46183c285e967275d7ec17d6,guardduty,Threat finding 66,Auto-sample threat,critical,configuration,malicious_api,2025-10-07T10:03:29.973Z,2025-10-04T21:48:26.797Z,,investigating,75,eu-central-1,"[""Investigate"",""Remediate""]",false,,"[""fd-66""]","{""accountId"":""123456789012""}"
64fa1a2b3c4d5e6f7a8b9c0d,791e06213f9af4d6fff45beb,guardduty,Threat finding 67,Auto-sample threat,critical,intrusion,mispolicy,2025-10-08T02:47:35.435Z,2025-10-05T10:53:37.541Z,,active,86,eu-central-1,"[""Investigate"",""Remediate""]",false,,"[""fd-67""]","{""accountId"":""123456789012""}"
64fa1a2b3c4d5e6f7a8b9c0d,20c536fb79128c27f69cdb96,manual,Threat finding 68,Auto-sample threat,critical,intrusion,malicious_api,2025-10-06T01:34:29.260Z,2025-10-09T10:14:38.975Z,,resolved,76,ap-south-1,"[""Investigate"",""Remediate""]",true,auto-lambda-68,"[""fd-68""]","{""accountId"":""123456789012""}"
64fa1a2b3c4d5e6f7a8b9c0d,896af627e9e424856509ba3c,manual,Threat finding 69,Auto-sample threat,high,configuration,malicious_api,2025-10-05T17:06:22.070Z,2025-10-06T07:51:25.933Z,,active,62,ap-south-1,"[""Investigate"",""Remediate""]",false,,"[""fd-69""]","{""accountId"":""123456789012""}"
64fa1a2b3c4d5e6f7a8b9c0d,9a593c867bf9e295bf209e1a,guardduty,Threat finding 70,Auto-sample threat,critical,performance,resource_exhaustion,2025-10-05T05:28:10.582Z,2025-10-06T08:35:29.858Z,2025-10-05T08:36:51.976Z,investigating,73,eu-central-1,"[""Investigate"",""Remediate""]",false,,"[""fd-70""]","{""accountId"":""123456789012""}"
64fa1a2b3c4d5e6f7a8b9c0d,4c716f38fb964b7a7f053698,cloudwatch,Threat finding 71,Auto-sample threat,high,performance,anomaly,2025-10-10T06:41:40.423Z,2025-10-09T04:58:33.097Z,,active,84,eu-central-1,"[""Investigate"",""Remediate""]",false,,"[""fd-71""]","{""accountId"":""123456789012""}"
64fa1a2b3c4d5e6f7a8b9c0d,4fd5c6e907b59759fd318499,cloudwatch,Threat finding 72,Auto-sample threat,medium,configuration,resource_exhaustion,2025-10-09T01:48:49.280Z,2025-10-08T18:10:16.255Z,,investigating,93,us-east-1,"[""Investigate"",""Remediate""]",true,auto-lambda-72,"[""fd-72""]","{""accountId"":""123456789012""}"
64fa1a2b3c4d5e6f7a8b9c0d,cc72c5d5ffbcb63de92005f7,security_hub,Threat finding 73,Auto-sample threat,high,configuration,mispolicy,2025-10-05T21:38:29.762Z,2025-10-10T06:04:36.974Z,,false_positive,86,us-west-2,"[""Investigate"",""Remediate""]",false,,"[""fd-73""]","{""accountId"":""123456789012""}"
64fa1a2b3c4d5e6f7a8b9c0d,cf06cdb9ef7dcac3b8c32eec,manual,Threat finding 74,Auto-sample threat,high,performance,resource_exhaustion,2025-10-05T11:52:44.323Z,2025-10-10T00:28:58.502Z,,resolved,68,ap-south-1,"[""Investigate"",""Remediate""]",false,,"[""fd-74""]","{""accountId"":""123456789012""}"
64fa1a2b3c4d5e6f7a8b9c0d,1bc2d981b249941652060726,security_hub,Threat finding 75,Auto-sample threat,critical,intrusion,anomaly,2025-10-04T19:36:27.751Z,2025-10-10T20:48:22.413Z,2025-10-09T15:56:08.869Z,false_positive,63,us-west-2,"[""Investigate"",""Remediate""]",false,,"[""fd-75""]","{""accountId"":""123456789012""}"
64fa1a2b3c4d5e6f7a8b9c0d,6767c1547acfbd10659bbd29,guardduty,Threat finding 76,Auto-sample threat,high,intrusion,resource_exhaustion,2025-10-07T14:24:31.248Z,2025-10-11T04:41:58.810Z,,investigating,100,ap-south-1,"[""Investigate"",""Remediate""]",true,auto-lambda-76,"[""fd-76""]","{""accountId"":""123456789012""}"
64fa1a2b3c4d5e6f7a8b9c0d,6477a037d00ab2d341acafb3,cloudwatch,Threat finding 77,Auto-sample threat,medium,network,resource_exhaustion,2025-10-10T17:31:33.202Z,2025-10-07T07:27:44.936Z,,resolved,84,eu-central-1,"[""Investigate"",""Remediate""]",false,,"[""fd-77""]","{""accountId"":""123456789012""}"
64fa1a2b3c4d5e6f7a8b9c0d,51ef043f85bb3fdaa830fbc0,guardduty,Threat finding 78,Auto-sample threat,high,intrusion,resource_exhaustion,2025-10-10T06:19:05.830Z,2025-10-05T03:41:48.448Z,,active,61,ap-south-1,"[""Investigate"",""Remediate""]",false,,"[""fd-78""]","{""accountId"":""123456789012""}"
64fa1a2b3c4d5e6f7a8b9c0d,a075d484ed3d825eb5f0fa07,manual,Threat finding 79,Auto-sample threat,low,configuration,resource_exhaustion,2025-10-10T11:06:10.758Z,2025-10-08T20:56:38.102Z,,false_positive,95,eu-central-1,"[""Investigate"",""Remediate""]",false,,"[""fd-79""]","{""accountId"":""123456789012""}"
64fa1a2b3c4d5e6f7a8b9c0d,c2738d6542ff6b02f884f9da,security_hub,Threat finding 80,Auto-sample threat,medium,network,resource_exhaustion,2025-10-05T09:51:10.565Z,2025-10-07T18:36:58.507Z,2025-10-09T14:18:57.793Z,resolved,95,us-west-2,"[""Investigate"",""Remediate""]",true,auto-lambda-80,"[""fd-80""]","{""accountId"":""123456789012""}"
64fa1a2b3c4d5e6f7a8b9c0d,85d0b45ab33b6fca190cbe61,external_feed,Threat finding 81,Auto-sample threat,critical,intrusion,mispolicy,2025-10-09T13:03:48.009Z,2025-10-08T03:02:41.116Z,,resolved,93,eu-central-1,"[""Investigate"",""Remediate""]",false,,"[""fd-81""]","{""accountId"":""123456789012""}"
64fa1a2b3c4d5e6f7a8b9c0d,b21a769a25f44b9b38fd5bf0,security_hub,Threat finding 82,Auto-sample threat,critical,intrusion,mispolicy,2025-10-07T09:53:07.916Z,2025-10-04T14:06:14.345Z,,false_positive,75,us-west-2,"[""Investigate"",""Remediate""]",false,,"[""fd-82""]","{""accountId"":""123456789012""}"
64fa1a2b3c4d5e6f7a8b9c0d,41daa28b9f8bf6194b91c487,security_hub,Threat finding 83,Auto-sample threat,high,configuration,malicious_api,2025-10-04T17:30:27.974Z,2025-10-08T06:05:36.538Z,,resolved,91,ap-south-1,"[""Investigate"",""Remediate""]",false,,"[""fd-83""]","{""accountId"":""123456789012""}"
64fa1a2b3c4d5e6f7a8b9c0d,28d7cdbc916d66c88b6109f7,external_feed,Threat finding 84,Auto-sample threat,medium,network,resource_exhaustion,2025-10-05T06:09:45.833Z,2025-10-05T17:07:46.440Z,,false_positive,81,ap-south-1,"[""Investigate"",""Remediate""]",true,auto-lambda-84,"[""fd-84""]","{""accountId"":""123456789012""}"
64fa1a2b3c4d5e6f7a8b9c0d,f25fe0ac842cfea827f87203,guardduty,Threat finding 85,Auto-sample threat,high,performance,malicious_api,2025-10-08T00:08:55.739Z,2025-10-09T18:44:37.575Z,2025-10-08T03:37:51.354Z,false_positive,97,eu-central-1,"[""Investigate"",""Remediate""]",false,,"[""fd-85""]","{""accountId"":""123456789012""}"
64fa1a2b3c4d5e6f7a8b9c0d,b2229595292acf2cde230aed,manual,Threat finding 86,Auto-sample threat,medium,intrusion,malicious_api,2025-10-05T13:29:34.898Z,2025-10-07T09:35:55.940Z,,false_positive,84,ap-south-1,"[""Investigate"",""Remediate""]",false,,"[""fd-86""]","{""accountId"":""123456789012""}"
64fa1a2b3c4d5e6f7a8b9c0d,ef33f850733d2286de785c53,security_hub,Threat finding 87,Auto-sample threat,critical,intrusion,malicious_api,2025-10-06T12:04:24.223Z,2025-10-05T11:04:52.769Z,,resolved,61,us-west-2,"[""Investigate"",""Remediate""]",false,,"[""fd-87""]","{""accountId"":""123456789012""}"
64fa1a2b3c4d5e6f7a8b9c0d,9396d2be8abda4f45188d3d7,manual,Threat finding 88,Auto-sample threat,low,configuration,malicious_api,2025-10-04T19:04:56.219Z,2025-10-11T04:11:54.009Z,,active,62,eu-central-1,"[""Investigate"",""Remediate""]",true,auto-lambda-88,"[""fd-88""]","{""accountId"":""123456789012""}"
64fa1a2b3c4d5e6f7a8b9c0d,715f64866f6a87ab101d5c30,guardduty,Threat finding 89,Auto-sample threat,high,performance,resource_exhaustion,2025-10-08T02:08:51.556Z,2025-10-04T17:43:17.294Z,,investigating,62,ap-south-1,"[""Investigate"",""Remediate""]",false,,"[""fd-89""]","{""accountId"":""123456789012""}"
64fa1a2b3c4d5e6f7a8b9c0d,c5d1f5daa11680684a2abbfc,external_feed,Threat finding 90,Auto-sample threat,critical,intrusion,malicious_api,2025-10-10T07:35:39.960Z,2025-10-08T15:34:30.191Z,2025-10-07T06:29:28.140Z,false_positive,80,us-west-2,"[""Investigate"",""Remediate""]",false,,"[""fd-90""]","{""accountId"":""123456789012""}"
64fa1a2b3c4d5e6f7a8b9c0d,9396d2be8abda4f45188d3d7,cloudwatch,Threat finding 91,Auto-sample threat,high,configuration,anomaly,2025-10-04T19:50:22.543Z,2025-10-08T16:42:43.809Z,,investigating,65,eu-central-1,"[""Investigate"",""Remediate""]",false,,"[""fd-91""]","{""accountId"":""123456789012""}"
64fa1a2b3c4d5e6f7a8b9c0d,2661e77fce24b33f44fc816f,security_hub,Threat finding 92,Auto-sample threat,medium,network,resource_exhaustion,2025-10-05T20:36:16.769Z,2025-10-06T18:18:40.291Z,,false_positive,72,eu-central-1,"[""Investigate"",""Remediate""]",true,auto-lambda-92,"[""fd-92""]","{""accountId"":""123456789012""}"
64fa1a2b3c4d5e6f7a8b9c0d,45b3f0e3e4803d3c372cb461,external_feed,Threat finding 93,Auto-sample threat,low,configuration,anomaly,2025-10-11T02:46:09.270Z,2025-10-08T10:05:45.639Z,,active,87,eu-central-1,"[""Investigate"",""Remediate""]",false,,"[""fd-93""]","{""accountId"":""123456789012""}"
64fa1a2b3c4d5e6f7a8b9c0d,dbceec13fe97f9f5411a267a,cloudwatch,Threat finding 94,Auto-sample threat,medium,performance,mispolicy,2025-10-06T11:31:15.360Z,2025-10-04T16:40:15.393Z,,resolved,78,ap-south-1,"[""Investigate"",""Remediate""]",false,,"[""fd-94""]","{""accountId"":""123456789012""}"
64fa1a2b3c4d5e6f7a8b9c0d,ea3b2206c592e27eeada8e94,manual,Threat finding 95,Auto-sample threat,critical,network,anomaly,2025-10-04T18:23:20.110Z,2025-10-06T17:48:12.414Z,2025-10-10T03:52:54.712Z,false_positive,76,eu-central-1,"[""Investigate"",""Remediate""]",false,,"[""fd-95""]","{""accountId"":""123456789012""}"
64fa1a2b3c4d5e6f7a8b9c0d,750ebdae0bd8969373e2625e,security_hub,Threat finding 96,Auto-sample threat,low,intrusion,mispolicy,2025-10-07T14:49:45.322Z,2025-10-04T21:01:39.041Z,,investigating,61,us-west-2,"[""Investigate"",""Remediate""]",true,auto-lambda-96,"[""fd-96""]","{""accountId"":""123456789012""}"
64fa1a2b3c4d5e6f7a8b9c0d,b67a859d464b4722bf2e1621,manual,Threat finding 97,Auto-sample threat,critical,intrusion,anomaly,2025-10-08T07:56:50.486Z,2025-10-07T01:08:28.141Z,,active,89,eu-central-1,"[""Investigate"",""Remediate""]",false,,"[""fd-97""]","{""accountId"":""123456789012""}"
64fa1a2b3c4d5e6f7a8b9c0d,854a199d2cd1c9b4a13c30c2,security_hub,Threat finding 98,Auto-sample threat,medium,configuration,malicious_api,2025-10-04T23:11:15.253Z,2025-10-07T19:23:13.449Z,,resolved,73,ap-south-1,"[""Investigate"",""Remediate""]",false,,"[""fd-98""]","{""accountId"":""123456789012""}"
64fa1a2b3c4d5e6f7a8b9c0d,ea216ec79d14b5cfb65b0743,cloudwatch,Threat finding 99,Auto-sample threat,high,network,anomaly,2025-10-08T18:56:57.640Z,2025-10-04T18:41:57.589Z,,investigating,88,eu-central-1,"[""Investigate"",""Remediate""]",false,,"[""fd-99""]","{""accountId"":""123456789012""}"
64fa1a2b3c4d5e6f7a8b9c0d,bd94d1ebd7d6433697b9d374,manual,Threat finding 100,Auto-sample threat,medium,performance,mispolicy,2025-10-04T20:58:41.692Z,2025-10-05T02:09:05.965Z,2025-10-07T17:01:00.517Z,active,64,ap-south-1,"[""Investigate"",""Remediate""]",true,auto-lambda-100,"[""fd-100""]","{""accountId"":""123456789012""}"
64fa1a2b3c4d5e6f7a8b9c0d,077467b345672cad031301f6,guardduty,Threat finding 101,Auto-sample threat,high,performance,resource_exhaustion,2025-10-10T14:05:29.542Z,2025-10-08T23:49:21.515Z,,false_positive,99,eu-central-1,"[""Investigate"",""Remediate""]",false,,"[""fd-101""]","{""accountId"":""123456789012""}"
64fa1a2b3c4d5e6f7a8b9c0d,5588f14baf48fc0010eb5318,cloudwatch,Threat finding 102,Auto-sample threat,medium,configuration,anomaly,2025-10-04T14:07:45.380Z,2025-10-07T11:37:29.557Z,,false_positive,88,us-west-2,"[""Investigate"",""Remediate""]",false,,"[""fd-102""]","{""accountId"":""123456789012""}"
64fa1a2b3c4d5e6f7a8b9c0d,f74a8df8af23c6ee173076e3,cloudwatch,Threat finding 103,Auto-sample threat,high,intrusion,mispolicy,2025-10-09T13:21:43.123Z,2025-10-05T18:23:22.443Z,,resolved,63,ap-south-1,"[""Investigate"",""Remediate""]",false,,"[""fd-103""]","{""accountId"":""123456789012""}"
64fa1a2b3c4d5e6f7a8b9c0d,ebe017c786b3bc75a9bb70fd,guardduty,Threat finding 104,Auto-sample threat,high,network,resource_exhaustion,2025-10-06T13:40:12.057Z,2025-10-07T02:20:09.231Z,,false_positive,83,us-east-1,"[""Investigate"",""Remediate""]",true,auto-lambda-104,"[""fd-104""]","{""accountId"":""123456789012""}"
64fa1a2b3c4d5e6f7a8b9c0d,f81118e7df7247cd4cff8002,guardduty,Threat finding 105,Auto-sample threat,high,configuration,malicious_api,2025-10-10T13:09:36.326Z,2025-10-04T13:12:40.015Z,2025-10-05T23:24:45.199Z,resolved,100,eu-central-1,"[""Investigate"",""Remediate""]",false,,"[""fd-105""]","{""accountId"":""123456789012""}"
64fa1a2b3c4d5e6f7a8b9c0d,15bc0bd0df3b652dbd1da926,external_feed,Threat finding 106,Auto-sample threat,high,network,malicious_api,2025-10-04T20:32:38.827Z,2025-10-10T07:43:00.615Z,,false_positive,73,eu-central-1,"[""Investigate"",""Remediate""]",false,,"[""fd-106""]","{""accountId"":""123456789012""}"
64fa1a2b3c4d5e6f7a8b9c0d,35ed35c4bc6d99df573e7640,cloudwatch,Threat finding 107,Auto-sample threat,medium,performance,resource_exhaustion,2025-10-05T06:18:14.243Z,2025-10-08T12:30:41.324Z,,active,81,us-west-2,"[""Investigate"",""Remediate""]",false,,"[""fd-107""]","{""accountId"":""123456789012""}"
64fa1a2b3c4d5e6f7a8b9c0d,c5d1f5daa11680684a2abbfc,cloudwatch,Threat finding 108,Auto-sample threat,high,intrusion,resource_exhaustion,2025-10-07T16:06:46.130Z,2025-10-05T13:55:32.430Z,,active,94,us-west-2,"[""Investigate"",""Remediate""]",true,auto-lambda-108,"[""fd-108""]","{""accountId"":""123456789012""}"
64fa1a2b3c4d5e6f7a8b9c0d,28d7cdbc916d66c88b6109f7,guardduty,Threat finding 109,Auto-sample threat,high,performance,anomaly,2025-10-09T15:56:21.795Z,2025-10-09T06:01:42.042Z,,active,75,ap-south-1,"[""Investigate"",""Remediate""]",false,,"[""fd-109""]","{""accountId"":""123456789012""}"
64fa1a2b3c4d5e6f7a8b9c0d,5a100885cc22588fb31dde5f,cloudwatch,Threat finding 110,Auto-sample threat,high,intrusion,anomaly,2025-10-04T12:02:04.468Z,2025-10-07T10:59:02.061Z,2025-10-11T02:58:45.582Z,resolved,84,us-east-1,"[""Investigate"",""Remediate""]",false,,"[""fd-110""]","{""accountId"":""123456789012""}"
64fa1a2b3c4d5e6f7a8b9c0d,6cc56f81804643f1b9e478b2,guardduty,Threat finding 111,Auto-sample threat,high,configuration,resource_exhaustion,2025-10-10T06:21:30.432Z,2025-10-10T13:30:29.295Z,,active,69,ap-south-1,"[""Investigate"",""Remediate""]",false,,"[""fd-111""]","{""accountId"":""123456789012""}"
64fa1a2b3c4d5e6f7a8b9c0d,7e473334b72e7b9e55f3a493,manual,Threat finding 112,Auto-sample threat,high,performance,mispolicy,2025-10-04T14:11:04.533Z,2025-10-06T03:23:19.788Z,,active,66,eu-central-1,"[""Investigate"",""Remediate""]",true,auto-lambda-112,"[""fd-112""]","{""accountId"":""123456789012""}"
64fa1a2b3c4d5e6f7a8b9c0d,45b3f0e3e4803d3c372cb461,manual,Threat finding 113,Auto-sample threat,high,performance,resource_exhaustion,2025-10-10T17:14:49.043Z,2025-10-10T17:15:11.854Z,,active,64,us-west-2,"[""Investigate"",""Remediate""]",false,,"[""fd-113""]","{""accountId"":""123456789012""}"
64fa1a2b3c4d5e6f7a8b9c0d,d7b0d4ae8bc9af983f2f2b40,guardduty,Threat finding 114,Auto-sample threat,high,network,anomaly,2025-10-06T08:18:26.965Z,2025-10-09T12:10:31.116Z,,active,68,ap-south-1,"[""Investigate"",""Remediate""]",false,,"[""fd-114""]","{""accountId"":""123456789012""}"
64fa1a2b3c4d5e6f7a8b9c0d,f1c17e0c93d0fca6e1f52b82,cloudwatch,Threat finding 115,Auto-sample threat,high,configuration,malicious_api,2025-10-08T04:46:05.582Z,2025-10-05T21:49:22.351Z,2025-10-05T21:46:17.669Z,resolved,94,ap-south-1,"[""Investigate"",""Remediate""]",false,,"[""fd-115""]","{""accountId"":""123456789012""}"
64fa1a2b3c4d5e6f7a8b9c0d,8fe27a82d1e36940eba2d714,security_hub,Threat finding 116,Auto-sample threat,high,performance,resource_exhaustion,2025-10-04T23:19:42.091Z,2025-10-10T22:53:26.970Z,,false_positive,67,ap-south-1,"[""Investigate"",""Remediate""]",true,auto-lambda-116,"[""fd-116""]","{""accountId"":""123456789012""}"
64fa1a2b3c4d5e6f7a8b9c0d,eb95f1053ca7496371d54767,external_feed,Threat finding 117,Auto-sample threat,critical,configuration,malicious_api,2025-10-11T01:05:26.474Z,2025-10-11T02:24:48.847Z,,false_positive,81,us-east-1,"[""Investigate"",""Remediate""]",false,,"[""fd-117""]","{""accountId"":""123456789012""}"
64fa1a2b3c4d5e6f7a8b9c0d,550dd41913408743541141a8,security_hub,Threat finding 118,Auto-sample threat,critical,intrusion,mispolicy,2025-10-07T05:45:56.105Z,2025-10-08T21:26:43.671Z,,active,64,eu-central-1,"[""Investigate"",""Remediate""]",false,,"[""fd-118""]","{""accountId"":""123456789012""}"
64fa1a2b3c4d5e6f7a8b9c0d,586ec58488800250672cc9ba,cloudwatch,Threat finding 119,Auto-sample threat,critical,intrusion,resource_exhaustion,2025-10-07T12:46:07.240Z,2025-10-09T18:51:59.925Z,,resolved,62,us-west-2,"[""Investigate"",""Remediate""]",false,,"[""fd-119""]","{""accountId"":""123456789012""}"
64fa1a2b3c4d5e6f7a8b9c0d,ee2eb7eca500e647422307de,guardduty,Threat finding 120,Auto-sample threat,critical,performance,mispolicy,2025-10-07T20:37:01.595Z,2025-10-08T09:44:02.203Z,2025-10-06T05:13:22.959Z,false_positive,94,eu-central-1,"[""Investigate"",""Remediate""]",true,auto-lambda-120,"[""fd-120""]","{""accountId"":""123456789012""}"