tenantId,assetId,source,title,description,cveId,severity,status,detectedAt,lastUpdatedAt,resolvedAt,remediation.steps,remediation.automated,remediation.lambdaActionId,relatedThreats,metadata
64fa1a2b3c4d5e6f7a8b9c0d,28d7cdbc916d66c88b6109f7,inspector,Vuln 1,Auto-sample vulnerability,,high,resolved,2025-10-08T08:35:19.283Z,2025-10-08T20:35:25.735Z,,"[""Patch"",""Reboot""]",false,,[],"{""package"":""pkg1"",""version"":""1.1.1""}"
64fa1a2b3c4d5e6f7a8b9c0d,eda6382362638e25a197ad84,custom_scanner,Vuln 2,Auto-sample vulnerability,,low,in_progress,2025-10-05T20:42:58.850Z,2025-10-09T04:35:11.193Z,,"[""Patch"",""Reboot""]",false,,[],"{""package"":""pkg2"",""version"":""1.2.2""}"
64fa1a2b3c4d5e6f7a8b9c0d,d32afad9a4beff1f0965d858,inspector,Vuln 3,Auto-sample vulnerability,CVE-2025-1003,medium,ignored,2025-10-07T16:55:11.226Z,2025-10-08T11:48:20.170Z,,"[""Patch"",""Reboot""]",false,,[],"{""package"":""pkg3"",""version"":""1.3.0""}"
64fa1a2b3c4d5e6f7a8b9c0d,10504124e775864217651635,manual,Vuln 4,Auto-sample vulnerability,,critical,in_progress,2025-10-05T09:21:12.908Z,2025-10-08T23:32:44.698Z,2025-10-09T07:41:08.119Z,"[""Patch"",""Reboot""]",false,,[],"{""package"":""pkg4"",""version"":""1.4.1""}"
64fa1a2b3c4d5e6f7a8b9c0d,45b3f0e3e4803d3c372cb461,manual,Vuln 5,Auto-sample vulnerability,,medium,ignored,2025-10-09T22:42:59.732Z,2025-10-06T13:03:34.564Z,,"[""Patch"",""Reboot""]",true,patch-lambda-5,[],"{""package"":""pkg5"",""version"":""1.0.2""}"
64fa1a2b3c4d5e6f7a8b9c0d,0c2b2f8634132c4f61bee1b8,custom_scanner,Vuln 6,Auto-sample vulnerability,CVE-2025-1006,critical,open,2025-10-08T20:32:38.595Z,2025-10-08T03:05:31.209Z,,"[""Patch"",""Reboot""]",false,,[],"{""package"":""pkg6"",""version"":""1.1.0""}"
64fa1a2b3c4d5e6f7a8b9c0d,3d08b022002c4396f556f599,inspector,Vuln 7,Auto-sample vulnerability,,critical,open,2025-10-08T16:41:53.463Z,2025-10-05T13:23:03.926Z,,"[""Patch"",""Reboot""]",false,,[],"{""package"":""pkg7"",""version"":""1.2.1""}"
64fa1a2b3c4d5e6f7a8b9c0d,e553a4b3bd18ac66c8572d99,manual,Vuln 8,Auto-sample vulnerability,,high,ignored,2025-10-04T19:08:56.467Z,2025-10-07T15:26:06.667Z,2025-10-09T08:03:08.275Z,"[""Patch"",""Reboot""]",false,,[],"{""package"":""pkg8"",""version"":""1.3.2""}"
64fa1a2b3c4d5e6f7a8b9c0d,715f64866f6a87ab101d5c30,custom_scanner,Vuln 9,Auto-sample vulnerability,CVE-2025-1009,medium,open,2025-10-07T11:37:38.857Z,2025-10-09T18:55:55.140Z,,"[""Patch"",""Reboot""]",false,,[],"{""package"":""pkg9"",""version"":""1.4.0""}"
64fa1a2b3c4d5e6f7a8b9c0d,d27f1cdd4be7b2dfc35b568e,manual,Vuln 10,Auto-sample vulnerability,,critical,ignored,2025-10-05T12:02:13.608Z,2025-10-08T20:50:22.303Z,,"[""Patch"",""Reboot""]",true,patch-lambda-10,[],"{""package"":""pkg0"",""version"":""1.0.1""}"
64fa1a2b3c4d5e6f7a8b9c0d,bf7f96a54d649e8305f0fc3c,custom_scanner,Vuln 11,Auto-sample vulnerability,,critical,in_progress,2025-10-07T01:52:21.554Z,2025-10-11T08:26:39.025Z,,"[""Patch"",""Reboot""]",false,,[],"{""package"":""pkg1"",""version"":""1.1.2""}"
64fa1a2b3c4d5e6f7a8b9c0d,0b352ebdfc027cf07d9c4702,custom_scanner,Vuln 12,Auto-sample vulnerability,CVE-2025-1012,high,ignored,2025-10-05T16:48:37.589Z,2025-10-05T14:38:05.719Z,2025-10-05T05:19:05.373Z,"[""Patch"",""Reboot""]",false,,[],"{""package"":""pkg2"",""version"":""1.2.0""}"
64fa1a2b3c4d5e6f7a8b9c0d,944630baade23b95aca92bca,manual,Vuln 13,Auto-sample vulnerability,,critical,in_progress,2025-10-10T10:39:30.647Z,2025-10-09T12:53:37.622Z,,"[""Patch"",""Reboot""]",false,,[],"{""package"":""pkg3"",""version"":""1.3.1""}"
64fa1a2b3c4d5e6f7a8b9c0d,fdbf875bd4d2d7626728919f,manual,Vuln 14,Auto-sample vulnerability,,medium,open,2025-10-05T00:11:58.122Z,2025-10-10T16:50:24.326Z,,"[""Patch"",""Reboot""]",false,,[],"{""package"":""pkg4"",""version"":""1.4.2""}"
64fa1a2b3c4d5e6f7a8b9c0d,f8c1ec25f6b71bef8192e781,inspector,Vuln 15,Auto-sample vulnerability,CVE-2025-1015,medium,in_progress,2025-10-09T11:16:20.873Z,2025-10-07T20:31:51.010Z,,"[""Patch"",""Reboot""]",true,patch-lambda-15,[],"{""package"":""pkg5"",""version"":""1.0.0""}"
64fa1a2b3c4d5e6f7a8b9c0d,048e949a0685208a6fd1d438,manual,Vuln 16,Auto-sample vulnerability,,critical,ignored,2025-10-08T02:24:46.281Z,2025-10-08T21:42:28.928Z,2025-10-10T22:04:33.902Z,"[""Patch"",""Reboot""]",false,,[],"{""package"":""pkg6"",""version"":""1.1.1""}"
64fa1a2b3c4d5e6f7a8b9c0d,b3445ec3a5d3076a26ef3ddd,custom_scanner,Vuln 17,Auto-sample vulnerability,,high,ignored,2025-10-08T18:20:33.613Z,2025-10-05T04:42:55.926Z,,"[""Patch"",""Reboot""]",false,,[],"{""package"":""pkg7"",""version"":""1.2.2""}"
64fa1a2b3c4d5e6f7a8b9c0d,cfe951800dfb1b596df954a9,manual,Vuln 18,Auto-sample vulnerability,CVE-2025-1018,critical,in_progress,2025-10-10T15:16:43.088Z,2025-10-10T02:52:56.246Z,,"[""Patch"",""Reboot""]",false,,[],"{""package"":""pkg8"",""version"":""1.3.0""}"
64fa1a2b3c4d5e6f7a8b9c0d,aaaece8391d74046633c79d2,custom_scanner,Vuln 19,Auto-sample vulnerability,,medium,in_progress,2025-10-07T01:52:46.190Z,2025-10-04T21:28:11.477Z,,"[""Patch"",""Reboot""]",false,,[],"{""package"":""pkg9"",""version"":""1.4.1""}"
64fa1a2b3c4d5e6f7a8b9c0d,bfee7dc1da498d967f4bfb84,inspector,Vuln 20,Auto-sample vulnerability,,critical,open,2025-10-07T23:22:27.809Z,2025-10-05T00:31:54.383Z,2025-10-05T00:44:01.868Z,"[""Patch"",""Reboot""]",true,patch-lambda-20,[],"{""package"":""pkg0"",""version"":""1.0.2""}"
64fa1a2b3c4d5e6f7a8b9c0d,015bf739da92ed7cefe03e38,inspector,Vuln 21,Auto-sample vulnerability,CVE-2025-1021,high,open,2025-10-04T11:32:02.499Z,2025-10-05T02:22:29.293Z,,"[""Patch"",""Reboot""]",false,,[],"{""package"":""pkg1"",""version"":""1.1.0""}"
64fa1a2b3c4d5e6f7a8b9c0d,d21affee89336c18c6631de2,inspector,Vuln 22,Auto-sample vulnerability,,critical,ignored,2025-10-05T18:39:23.080Z,2025-10-08T21:38:07.883Z,,"[""Patch"",""Reboot""]",false,,[],"{""package"":""pkg2"",""version"":""1.2.1""}"
64fa1a2b3c4d5e6f7a8b9c0d,b67a859d464b4722bf2e1621,manual,Vuln 23,Auto-sample vulnerability,,medium,resolved,2025-10-11T00:44:02.912Z,2025-10-05T00:06:19.383Z,,"[""Patch"",""Reboot""]",false,,[],"{""package"":""pkg3"",""version"":""1.3.2""}"
64fa1a2b3c4d5e6f7a8b9c0d,8763691b08134911f9e77973,inspector,Vuln 24,Auto-sample vulnerability,CVE-2025-1024,medium,open,2025-10-05T11:23:52.673Z,2025-10-07T18:18:46.057Z,2025-10-05T21:32:03.335Z,"[""Patch"",""Reboot""]",false,,[],"{""package"":""pkg4"",""version"":""1.4.0""}"
64fa1a2b3c4d5e6f7a8b9c0d,1f2e859c83608c50a47f84ce,custom_scanner,Vuln 25,Auto-sample vulnerability,,medium,ignored,2025-10-09T03:23:37.061Z,2025-10-07T17:37:57.921Z,,"[""Patch"",""Reboot""]",true,patch-lambda-25,[],"{""package"":""pkg5"",""version"":""1.0.1""}"
64fa1a2b3c4d5e6f7a8b9c0d,5d4f6cbfc1aff00e97c7d01a,custom_scanner,Vuln 26,Auto-sample vulnerability,,medium,ignored,2025-10-08T05:34:25.292Z,2025-10-10T11:53:30.564Z,,"[""Patch"",""Reboot""]",false,,[],"{""package"":""pkg6"",""version"":""1.1.2""}"
64fa1a2b3c4d5e6f7a8b9c0d,f1c17e0c93d0fca6e1f52b82,inspector,Vuln 27,Auto-sample vulnerability,CVE-2025-1027,high,ignored,2025-10-05T14:29:07.505Z,2025-10-08T11:45:08.587Z,,"[""Patch"",""Reboot""]",false,,[],"{""package"":""pkg7"",""version"":""1.2.0""}"
64fa1a2b3c4d5e6f7a8b9c0d,d4b4bd87b97a8d0fa6a69523,manual,Vuln 28,Auto-sample vulnerability,,high,resolved,2025-10-06T14:22:26.320Z,2025-10-07T21:46:14.385Z,2025-10-09T18:05:24.346Z,"[""Patch"",""Reboot""]",false,,[],"{""package"":""pkg8"",""version"":""1.3.1""}"
64fa1a2b3c4d5e6f7a8b9c0d,fbaec785aa2e5bb21f69d80a,custom_scanner,Vuln 29,Auto-sample vulnerability,,high,in_progress,2025-10-05T17:23:11.215Z,2025-10-08T02:57:35.526Z,,"[""Patch"",""Reboot""]",false,,[],"{""package"":""pkg9"",""version"":""1.4.2""}"
64fa1a2b3c4d5e6f7a8b9c0d,bfee7dc1da498d967f4bfb84,manual,Vuln 30,Auto-sample vulnerability,CVE-2025-1030,low,in_progress,2025-10-04T12:22:10.988Z,2025-10-11T00:28:32.624Z,,"[""Patch"",""Reboot""]",true,patch-lambda-30,[],"{""package"":""pkg0"",""version"":""1.0.0""}"
64fa1a2b3c4d5e6f7a8b9c0d,a766b00fa3e9614a02dc5af1,custom_scanner,Vuln 31,Auto-sample vulnerability,,critical,resolved,2025-10-08T19:30:47.354Z,2025-10-05T22:54:02.174Z,,"[""Patch"",""Reboot""]",false,,[],"{""package"":""pkg1"",""version"":""1.1.1""}"
64fa1a2b3c4d5e6f7a8b9c0d,f25fe0ac842cfea827f87203,manual,Vuln 32,Auto-sample vulnerability,,medium,resolved,2025-10-09T12:12:54.170Z,2025-10-08T12:35:19.143Z,2025-10-07T17:59:47.607Z,"[""Patch"",""Reboot""]",false,,[],"{""package"":""pkg2"",""version"":""1.2.2""}"
64fa1a2b3c4d5e6f7a8b9c0d,fd935639d989815699ea9759,inspector,Vuln 33,Auto-sample vulnerability,CVE-2025-1033,critical,in_progress,2025-10-04T17:07:31.727Z,2025-10-09T10:16:03.614Z,,"[""Patch"",""Reboot""]",false,,[],"{""package"":""pkg3"",""version"":""1.3.0""}"
64fa1a2b3c4d5e6f7a8b9c0d,b6d403c13b8cc636d504226a,manual,Vuln 34,Auto-sample vulnerability,,critical,resolved,2025-10-10T12:27:12.273Z,2025-10-07T14:20:30.732Z,,"[""Patch"",""Reboot""]",false,,[],"{""package"":""pkg4"",""version"":""1.4.1""}"
64fa1a2b3c4d5e6f7a8b9c0d,14176957e81173dae7075633,custom_scanner,Vuln 35,Auto-sample vulnerability,,critical,in_progress,2025-10-05T20:59:40.124Z,2025-10-09T20:32:20.636Z,,"[""Patch"",""Reboot""]",true,patch-lambda-35,[],"{""package"":""pkg5"",""version"":""1.0.2""}"
64fa1a2b3c4d5e6f7a8b9c0d,49178785e6ea6c093fe7ec63,custom_scanner,Vuln 36,Auto-sample vulnerability,CVE-2025-1036,critical,ignored,2025-10-05T22:25:01.406Z,2025-10-10T18:15:25.797Z,2025-10-10T15:57:28.712Z,"[""Patch"",""Reboot""]",false,,[],"{""package"":""pkg6"",""version"":""1.1.0""}"
64fa1a2b3c4d5e6f7a8b9c0d,e2b81a5aaf722afa4aa781a0,custom_scanner,Vuln 37,Auto-sample vulnerability,,critical,resolved,2025-10-09T10:16:28.467Z,2025-10-10T04:47:22.225Z,,"[""Patch"",""Reboot""]",false,,[],"{""package"":""pkg7"",""version"":""1.2.1""}"
64fa1a2b3c4d5e6f7a8b9c0d,b8aa99d95c6b793aad72b31c,inspector,Vuln 38,Auto-sample vulnerability,,low,open,2025-10-05T17:59:20.273Z,2025-10-06T10:50:50.932Z,,"[""Patch"",""Reboot""]",false,,[],"{""package"":""pkg8"",""version"":""1.3.2""}"
64fa1a2b3c4d5e6f7a8b9c0d,bd4f02641ac3470e8d97a509,manual,Vuln 39,Auto-sample vulnerability,CVE-2025-1039,critical,in_progress,2025-10-07T22:46:12.745Z,2025-10-10T21:50:35.919Z,,"[""Patch"",""Reboot""]",false,,[],"{""package"":""pkg9"",""version"":""1.4.0""}"
64fa1a2b3c4d5e6f7a8b9c0d,ea3b2206c592e27eeada8e94,inspector,Vuln 40,Auto-sample vulnerability,,high,open,2025-10-09T11:01:53.055Z,2025-10-09T07:07:01.532Z,2025-10-04T17:03:35.260Z,"[""Patch"",""Reboot""]",true,patch-lambda-40,[],"{""package"":""pkg0"",""version"":""1.0.1""}"
64fa1a2b3c4d5e6f7a8b9c0d,36d630503bb9747cc42feba6,manual,Vuln 41,Auto-sample vulnerability,,medium,open,2025-10-10T10:19:03.143Z,2025-10-05T20:48:20.106Z,,"[""Patch"",""Reboot""]",false,,[],"{""package"":""pkg1"",""version"":""1.1.2""}"
64fa1a2b3c4d5e6f7a8b9c0d,f75f9299687537aa6f28ab2b,custom_scanner,Vuln 42,Auto-sample vulnerability,CVE-2025-1042,critical,resolved,2025-10-08T05:43:48.719Z,2025-10-10T10:26:12.868Z,,"[""Patch"",""Reboot""]",false,,[],"{""package"":""pkg2"",""version"":""1.2.0""}"
64fa1a2b3c4d5e6f7a8b9c0d,1f4f92758e49b78377ed18c2,manual,Vuln 43,Auto-sample vulnerability,,high,open,2025-10-07T14:11:49.843Z,2025-10-06T03:53:17.248Z,,"[""Patch"",""Reboot""]",false,,[],"{""package"":""pkg3"",""version"":""1.3.1""}"
64fa1a2b3c4d5e6f7a8b9c0d,dbceec13fe97f9f5411a267a,inspector,Vuln 44,Auto-sample vulnerability,,critical,open,2025-10-06T03:48:01.597Z,2025-10-11T03:07:46.459Z,2025-10-09T22:38:41.500Z,"[""Patch"",""Reboot""]",false,,[],"{""package"":""pkg4"",""version"":""1.4.2""}"
64fa1a2b3c4d5e6f7a8b9c0d,ed2601f4c84b25b88a8cf1df,manual,Vuln 45,Auto-sample vulnerability,CVE-2025-1045,high,open,2025-10-07T17:18:28.133Z,2025-10-10T07:29:14.312Z,,"[""Patch"",""Reboot""]",true,patch-lambda-45,[],"{""package"":""pkg5"",""version"":""1.0.0""}"
64fa1a2b3c4d5e6f7a8b9c0d,0313a93b361ab03f983772f7,manual,Vuln 46,Auto-sample vulnerability,,high,resolved,2025-10-04T18:19:18.063Z,2025-10-10T21:06:31.137Z,,"[""Patch"",""Reboot""]",false,,[],"{""package"":""pkg6"",""version"":""1.1.1""}"
64fa1a2b3c4d5e6f7a8b9c0d,cc72c5d5ffbcb63de92005f7,custom_scanner,Vuln 47,Auto-sample vulnerability,,critical,resolved,2025-10-07T04:10:49.868Z,2025-10-05T06:35:38.302Z,,"[""Patch"",""Reboot""]",false,,[],"{""package"":""pkg7"",""version"":""1.2.2""}"
64fa1a2b3c4d5e6f7a8b9c0d,741a51ab29fc7c235fdc8459,manual,Vuln 48,Auto-sample vulnerability,CVE-2025-1048,high,open,2025-10-07T21:55:21.570Z,2025-10-06T05:03:03.259Z,2025-10-05T23:22:51.222Z,"[""Patch"",""Reboot""]",false,,[],"{""package"":""pkg8"",""version"":""1.3.0""}"
64fa1a2b3c4d5e6f7a8b9c0d,a766b00fa3e9614a02dc5af1,inspector,Vuln 49,Auto-sample vulnerability,,high,in_progress,2025-10-07T13:38:42.847Z,2025-10-08T10:20:15.506Z,,"[""Patch"",""Reboot""]",false,,[],"{""package"":""pkg9"",""version"":""1.4.1""}"
64fa1a2b3c4d5e6f7a8b9c0d,333d4b03a23e1b1b6d7d08de,manual,Vuln 50,Auto-sample vulnerability,,high,open,2025-10-06T12:57:05.041Z,2025-10-09T12:18:13.287Z,,"[""Patch"",""Reboot""]",true,patch-lambda-50,[],"{""package"":""pkg0"",""version"":""1.0.2""}"
64fa1a2b3c4d5e6f7a8b9c0d,f8aa7f3e1cea9d95b76377f3,custom_scanner,Vuln 51,Auto-sample vulnerability,CVE-2025-1051,high,in_progress,2025-10-07T05:57:11.629Z,2025-10-05T18:19:10.022Z,,"[""Patch"",""Reboot""]",false,,[],"{""package"":""pkg1"",""version"":""1.1.0""}"
64fa1a2b3c4d5e6f7a8b9c0d,85d0b45ab33b6fca190cbe61,custom_scanner,Vuln 52,Auto-sample vulnerability,,high,open,2025-10-06T14:35:08.221Z,2025-10-07T05:19:26.686Z,2025-10-08T01:17:15.841Z,"[""Patch"",""Reboot""]",false,,[],"{""package"":""pkg2"",""version"":""1.2.1""}"
64fa1a2b3c4d5e6f7a8b9c0d,4ca513f7188473494750f35e,manual,Vuln 53,Auto-sample vulnerability,,critical,in_progress,2025-10-07T15:26:05.910Z,2025-10-05T21:49:43.279Z,,"[""Patch"",""Reboot""]",false,,[],"{""package"":""pkg3"",""version"":""1.3.2""}"
64fa1a2b3c4d5e6f7a8b9c0d,e02b1b1194a1d0db6a90c2dc,custom_scanner,Vuln 54,Auto-sample vulnerability,CVE-2025-1054,high,ignored,2025-10-04T21:43:35.449Z,2025-10-06T05:34:30.514Z,,"[""Patch"",""Reboot""]",false,,[],"{""package"":""pkg4"",""version"":""1.4.0""}"
64fa1a2b3c4d5e6f7a8b9c0d,10504124e775864217651635,custom_scanner,Vuln 55,Auto-sample vulnerability,,medium,ignored,2025-10-06T16:14:17.702Z,2025-10-10T08:23:17.801Z,,"[""Patch"",""Reboot""]",true,patch-lambda-55,[],"{""package"":""pkg5"",""version"":""1.0.1""}"
64fa1a2b3c4d5e6f7a8b9c0d,3cead98a4ff59de662450698,inspector,Vuln 56,Auto-sample vulnerability,,high,ignored,2025-10-07T03:16:41.050Z,2025-10-07T04:53:20.613Z,2025-10-09T12:29:31.619Z,"[""Patch"",""Reboot""]",false,,[],"{""package"":""pkg6"",""version"":""1.1.2""}"
64fa1a2b3c4d5e6f7a8b9c0d,cc392810a1fbae794c5c50d5,inspector,Vuln 57,Auto-sample vulnerability,CVE-2025-1057,critical,in_progress,2025-10-07T09:44:26.419Z,2025-10-09T08:09:19.114Z,,"[""Patch"",""Reboot""]",false,,[],"{""package"":""pkg7"",""version"":""1.2.0""}"
64fa1a2b3c4d5e6f7a8b9c0d,0320867ac7fa0a4ebb121060,manual,Vuln 58,Auto-sample vulnerability,,medium,resolved,2025-10-04T11:13:20.528Z,2025-10-08T04:06:05.150Z,,"[""Patch"",""Reboot""]",false,,[],"{""package"":""pkg8"",""version"":""1.3.1""}"
64fa1a2b3c4d5e6f7a8b9c0d,ed2601f4c84b25b88a8cf1df,custom_scanner,Vuln 59,Auto-sample vulnerability,,high,open,2025-10-10T19:44:40.772Z,2025-10-11T06:52:50.841Z,,"[""Patch"",""Reboot""]",false,,[],"{""package"":""pkg9"",""version"":""1.4.2""}"
64fa1a2b3c4d5e6f7a8b9c0d,0b352ebdfc027cf07d9c4702,manual,Vuln 60,Auto-sample vulnerability,CVE-2025-1060,high,in_progress,2025-10-09T05:14:59.111Z,2025-10-08T12:51:50.148Z,2025-10-06T10:00:05.497Z,"[""Patch"",""Reboot""]",true,patch-lambda-60,[],"{""package"":""pkg0"",""version"":""1.0.0""}"
64fa1a2b3c4d5e6f7a8b9c0d,abebb1f2b8d0367c1555c4ce,inspector,Vuln 61,Auto-sample vulnerability,,high,open,2025-10-11T06:12:02.083Z,2025-10-06T07:43:57.545Z,,"[""Patch"",""Reboot""]",false,,[],"{""package"":""pkg1"",""version"":""1.1.1""}"
64fa1a2b3c4d5e6f7a8b9c0d,0b352ebdfc027cf07d9c4702,inspector,Vuln 62,Auto-sample vulnerability,,high,ignored,2025-10-06T08:46:33.102Z,2025-10-07T16:47:31.277Z,,"[""Patch"",""Reboot""]",false,,[],"{""package"":""pkg2"",""version"":""1.2.2""}"
64fa1a2b3c4d5e6f7a8b9c0d,6cc56f81804643f1b9e478b2,manual,Vuln 63,Auto-sample vulnerability,CVE-2025-1063,critical,ignored,2025-10-06T07:09:53.704Z,2025-10-10T06:32:26.889Z,,"[""Patch"",""Reboot""]",false,,[],"{""package"":""pkg3"",""version"":""1.3.0""}"
64fa1a2b3c4d5e6f7a8b9c0d,f75f9299687537aa6f28ab2b,inspector,Vuln 64,Auto-sample vulnerability,,medium,ignored,2025-10-06T07:08:15.540Z,2025-10-06T03:00:40.397Z,2025-10-09T03:32:03.506Z,"[""Patch"",""Reboot""]",false,,[],"{""package"":""pkg4"",""version"":""1.4.1""}"
64fa1a2b3c4d5e6f7a8b9c0d,e9d11011be78ec512c906b3d,custom_scanner,Vuln 65,Auto-sample vulnerability,,medium,open,2025-10-07T09:32:14.376Z,2025-10-06T09:57:26.852Z,,"[""Patch"",""Reboot""]",true,patch-lambda-65,[],"{""package"":""pkg5"",""version"":""1.0.2""}"
64fa1a2b3c4d5e6f7a8b9c0d,048e949a0685208a6fd1d438,manual,Vuln 66,Auto-sample vulnerability,CVE-2025-1066,high,open,2025-10-07T02:12:02.486Z,2025-10-08T19:07:14.042Z,,"[""Patch"",""Reboot""]",false,,[],"{""package"":""pkg6"",""version"":""1.1.0""}"
64fa1a2b3c4d5e6f7a8b9c0d,2987bd3044c1b6fc11e7fddf,custom_scanner,Vuln 67,Auto-sample vulnerability,,high,resolved,2025-10-04T13:03:14.554Z,2025-10-07T15:44:49.059Z,,"[""Patch"",""Reboot""]",false,,[],"{""package"":""pkg7"",""version"":""1.2.1""}"
64fa1a2b3c4d5e6f7a8b9c0d,b6d403c13b8cc636d504226a,manual,Vuln 68,Auto-sample vulnerability,,high,in_progress,2025-10-07T17:50:24.314Z,2025-10-07T15:51:56.849Z,2025-10-10T20:53:14.695Z,"[""Patch"",""Reboot""]",false,,[],"{""package"":""pkg8"",""version"":""1.3.2""}"
64fa1a2b3c4d5e6f7a8b9c0d,1bc2d981b249941652060726,manual,Vuln 69,Auto-sample vulnerability,CVE-2025-1069,low,in_progress,2025-10-10T03:41:27.186Z,2025-10-09T14:08:46.324Z,,"[""Patch"",""Reboot""]",false,,[],"{""package"":""pkg9"",""version"":""1.4.0""}"
64fa1a2b3c4d5e6f7a8b9c0d,d255ae7165e971ea64396e14,inspector,Vuln 70,Auto-sample vulnerability,,high,in_progress,2025-10-05T19:14:48.735Z,2025-10-04T23:38:35.432Z,,"[""Patch"",""Reboot""]",true,patch-lambda-70,[],"{""package"":""pkg0"",""version"":""1.0.1""}"
64fa1a2b3c4d5e6f7a8b9c0d,fd2022b099dabd231ab77da9,inspector,Vuln 71,Auto-sample vulnerability,,low,open,2025-10-09T13:52:03.003Z,2025-10-09T16:10:06.671Z,,"[""Patch"",""Reboot""]",false,,[],"{""package"":""pkg1"",""version"":""1.1.2""}"
64fa1a2b3c4d5e6f7a8b9c0d,896af627e9e424856509ba3c,inspector,Vuln 72,Auto-sample vulnerability,CVE-2025-1072,medium,in_progress,2025-10-09T16:20:12.440Z,2025-10-06T23:38:36.612Z,2025-10-09T00:44:18.395Z,"[""Patch"",""Reboot""]",false,,[],"{""package"":""pkg2"",""version"":""1.2.0""}"
64fa1a2b3c4d5e6f7a8b9c0d,c21a7529f122daad52b15582,manual,Vuln 73,Auto-sample vulnerability,,high,ignored,2025-10-07T02:18:54.211Z,2025-10-05T23:47:13.614Z,,"[""Patch"",""Reboot""]",false,,[],"{""package"":""pkg3"",""version"":""1.3.1""}"
64fa1a2b3c4d5e6f7a8b9c0d,5ad0ec50f123d2cd7f673cdc,manual,Vuln 74,Auto-sample vulnerability,,critical,in_progress,2025-10-05T01:24:15.729Z,2025-10-09T20:04:02.584Z,,"[""Patch"",""Reboot""]",false,,[],"{""package"":""pkg4"",""version"":""1.4.2""}"
64fa1a2b3c4d5e6f7a8b9c0d,bfee7dc1da498d967f4bfb84,manual,Vuln 75,Auto-sample vulnerability,CVE-2025-1075,critical,ignored,2025-10-10T22:42:44.609Z,2025-10-09T14:01:39.184Z,,"[""Patch"",""Reboot""]",true,patch-lambda-75,[],"{""package"":""pkg5"",""version"":""1.0.0""}"
64fa1a2b3c4d5e6f7a8b9c0d,ed2601f4c84b25b88a8cf1df,inspector,Vuln 76,Auto-sample vulnerability,,critical,ignored,2025-10-05T13:25:51.108Z,2025-10-05T10:30:26.845Z,2025-10-08T10:43:57.071Z,"[""Patch"",""Reboot""]",false,,[],"{""package"":""pkg6"",""version"":""1.1.1""}"
64fa1a2b3c4d5e6f7a8b9c0d,b6fb1adb545800cbecfe0a26,inspector,Vuln 77,Auto-sample vulnerability,,low,ignored,2025-10-08T11:27:00.888Z,2025-10-08T03:25:33.179Z,,"[""Patch"",""Reboot""]",false,,[],"{""package"":""pkg7"",""version"":""1.2.2""}"
64fa1a2b3c4d5e6f7a8b9c0d,42f9952c40a1d75a5a687b92,manual,Vuln 78,Auto-sample vulnerability,CVE-2025-1078,medium,in_progress,2025-10-08T14:41:32.698Z,2025-10-09T04:14:55.587Z,,"[""Patch"",""Reboot""]",false,,[],"{""package"":""pkg8"",""version"":""1.3.0""}"
64fa1a2b3c4d5e6f7a8b9c0d,9a0566c2b35393ac7aa88431,manual,Vuln 79,Auto-sample vulnerability,,high,in_progress,2025-10-05T14:17:22.880Z,2025-10-10T15:40:13.689Z,,"[""Patch"",""Reboot""]",false,,[],"{""package"":""pkg9"",""version"":""1.4.1""}"
64fa1a2b3c4d5e6f7a8b9c0d,ed2601f4c84b25b88a8cf1df,manual,Vuln 80,Auto-sample vulnerability,,high,resolved,2025-10-08T05:09:51.270Z,2025-10-04T23:56:46.932Z,2025-10-08T17:53:26.015Z,"[""Patch"",""Reboot""]",true,patch-lambda-80,[],"{""package"":""pkg0"",""version"":""1.0.2""}"
64fa1a2b3c4d5e6f7a8b9c0d,ee2eb7eca500e647422307de,inspector,Vuln 81,Auto-sample vulnerability,CVE-2025-1081,critical,open,2025-10-09T06:10:17.873Z,2025-10-07T08:33:23.876Z,,"[""Patch"",""Reboot""]",false,,[],"{""package"":""pkg1"",""version"":""1.1.0""}"
64fa1a2b3c4d5e6f7a8b9c0d,d421eeabee96cfb130b9d344,manual,Vuln 82,Auto-sample vulnerability,,low,open,2025-10-10T08:09:45.206Z,2025-10-10T06:49:06.359Z,,"[""Patch"",""Reboot""]",false,,[],"{""package"":""pkg2"",""version"":""1.2.1""}"
64fa1a2b3c4d5e6f7a8b9c0d,37f5bc3c6d26a23501f1ddb0,custom_scanner,Vuln 83,Auto-sample vulnerability,,high,ignored,2025-10-08T16:40:39.829Z,2025-10-11T01:21:50.024Z,,"[""Patch"",""Reboot""]",false,,[],"{""package"":""pkg3"",""version"":""1.3.2""}"
64fa1a2b3c4d5e6f7a8b9c0d,51ef043f85bb3fdaa830fbc0,custom_scanner,Vuln 84,Auto-sample vulnerability,CVE-2025-1084,critical,resolved,2025-10-07T14:31:21.286Z,2025-10-10T11:22:11.802Z,2025-10-08T04:14:50.623Z,"[""Patch"",""Reboot""]",false,,[],"{""package"":""pkg4"",""version"":""1.4.0""}"
64fa1a2b3c4d5e6f7a8b9c0d,8a3ca023ca8b0a4912148cef,inspector,Vuln 85,Auto-sample vulnerability,,critical,ignored,2025-10-04T23:00:14.113Z,2025-10-08T07:54:24.293Z,,"[""Patch"",""Reboot""]",true,patch-lambda-85,[],"{""package"":""pkg5"",""version"":""1.0.1""}"
64fa1a2b3c4d5e6f7a8b9c0d,ed1237c1e5267fe2dd2ad081,manual,Vuln 86,Auto-sample vulnerability,,critical,ignored,2025-10-07T19:42:29.878Z,2025-10-08T07:22:21.672Z,,"[""Patch"",""Reboot""]",false,,[],"{""package"":""pkg6"",""version"":""1.1.2""}"
64fa1a2b3c4d5e6f7a8b9c0d,baa7b70aa4dc6655b9e1abb3,inspector,Vuln 87,Auto-sample vulnerability,CVE-2025-1087,critical,resolved,2025-10-08T12:05:39.805Z,2025-10-05T06:25:17.309Z,,"[""Patch"",""Reboot""]",false,,[],"{""package"":""pkg7"",""version"":""1.2.0""}"
64fa1a2b3c4d5e6f7a8b9c0d,586ec58488800250672cc9ba,custom_scanner,Vuln 88,Auto-sample vulnerability,,medium,ignored,2025-10-05T23:29:56.870Z,2025-10-05T16:11:12.349Z,2025-10-11T00:27:37.591Z,"[""Patch"",""Reboot""]",false,,[],"{""package"":""pkg8"",""version"":""1.3.1""}"
64fa1a2b3c4d5e6f7a8b9c0d,f74a8df8af23c6ee173076e3,custom_scanner,Vuln 89,Auto-sample vulnerability,,critical,in_progress,2025-10-08T20:46:55.839Z,2025-10-06T09:44:45.533Z,,"[""Patch"",""Reboot""]",false,,[],"{""package"":""pkg9"",""version"":""1.4.2""}"
64fa1a2b3c4d5e6f7a8b9c0d,2987bd3044c1b6fc11e7fddf,inspector,Vuln 90,Auto-sample vulnerability,CVE-2025-1090,critical,resolved,2025-10-07T18:12:31.747Z,2025-10-06T12:52:57.263Z,,"[""Patch"",""Reboot""]",true,patch-lambda-90,[],"{""package"":""pkg0"",""version"":""1.0.0""}"
64fa1a2b3c4d5e6f7a8b9c0d,27595ac1480182eb3c9da84e,manual,Vuln 91,Auto-sample vulnerability,,low,ignored,2025-10-08T15:20:13.196Z,2025-10-07T12:55:24.628Z,,"[""Patch"",""Reboot""]",false,,[],"{""package"":""pkg1"",""version"":""1.1.1""}"
64fa1a2b3c4d5e6f7a8b9c0d,bd4f02641ac3470e8d97a509,inspector,Vuln 92,Auto-sample vulnerability,,high,ignored,2025-10-07T12:07:40.896Z,2025-10-09T22:07:07.726Z,2025-10-11T03:23:53.995Z,"[""Patch"",""Reboot""]",false,,[],"{""package"":""pkg2"",""version"":""1.2.2""}"
64fa1a2b3c4d5e6f7a8b9c0d,760c96e4334ea09e8dd2ef64,custom_scanner,Vuln 93,Auto-sample vulnerability,CVE-2025-1093,high,ignored,2025-10-05T05:17:35.801Z,2025-10-05T08:00:57.232Z,,"[""Patch"",""Reboot""]",false,,[],"{""package"":""pkg3"",""version"":""1.3.0""}"
64fa1a2b3c4d5e6f7a8b9c0d,1efcd434f219b0d296107cc1,inspector,Vuln 94,Auto-sample vulnerability,,high,resolved,2025-10-11T05:09:07.834Z,2025-10-06T03:05:18.105Z,,"[""Patch"",""Reboot""]",false,,[],"{""package"":""pkg4"",""version"":""1.4.1""}"
64fa1a2b3c4d5e6f7a8b9c0d,d1bba015df94a2586100a8f9,manual,Vuln 95,Auto-sample vulnerability,,critical,ignored,2025-10-07T10:28:18.453Z,2025-10-06T03:04:59.442Z,,"[""Patch"",""Reboot""]",true,patch-lambda-95,[],"{""package"":""pkg5"",""version"":""1.0.2""}"
64fa1a2b3c4d5e6f7a8b9c0d,715f64866f6a87ab101d5c30,manual,Vuln 96,Auto-sample vulnerability,CVE-2025-1096,high,in_progress,2025-10-08T02:55:28.432Z,2025-10-11T01:56:05.061Z,2025-10-04T13:52:10.909Z,"[""Patch"",""Reboot""]",false,,[],"{""package"":""pkg6"",""version"":""1.1.0""}"
64fa1a2b3c4d5e6f7a8b9c0d,ed1237c1e5267fe2dd2ad081,inspector,Vuln 97,Auto-sample vulnerability,,medium,in_progress,2025-10-10T11:40:15.634Z,2025-10-08T20:35:09.996Z,,"[""Patch"",""Reboot""]",false,,[],"{""package"":""pkg7"",""version"":""1.2.1""}"
64fa1a2b3c4d5e6f7a8b9c0d,132ae1b05c6c2524200dc4a2,manual,Vuln 98,Auto-sample vulnerability,,critical,open,2025-10-08T15:44:48.678Z,2025-10-04T16:17:41.304Z,,"[""Patch"",""Reboot""]",false,,[],"{""package"":""pkg8"",""version"":""1.3.2""}"
64fa1a2b3c4d5e6f7a8b9c0d,269372b4ef4059149dd9f4df,inspector,Vuln 99,Auto-sample vulnerability,CVE-2025-1099,critical,open,2025-10-08T19:05:42.993Z,2025-10-10T07:47:09.754Z,,"[""Patch"",""Reboot""]",false,,[],"{""package"":""pkg9"",""version"":""1.4.0""}"
64fa1a2b3c4d5e6f7a8b9c0d,e2b81a5aaf722afa4aa781a0,manual,Vuln 100,Auto-sample vulnerability,,high,in_progress,2025-10-10T09:22:09.166Z,2025-10-07T14:15:29.030Z,2025-10-09T20:39:58.305Z,"[""Patch"",""Reboot""]",true,patch-lambda-100,[],"{""package"":""pkg0"",""version"":""1.0.1""}"
64fa1a2b3c4d5e6f7a8b9c0d,73019ff954c332e24f6b5b83,manual,Vuln 101,Auto-sample vulnerability,,medium,open,2025-10-05T10:10:05.510Z,2025-10-07T22:32:31.646Z,,"[""Patch"",""Reboot""]",false,,[],"{""package"":""pkg1"",""version"":""1.1.2""}"
64fa1a2b3c4d5e6f7a8b9c0d,b6d403c13b8cc636d504226a,custom_scanner,Vuln 102,Auto-sample vulnerability,CVE-2025-1102,high,ignored,2025-10-10T22:24:28.848Z,2025-10-05T10:54:44.083Z,,"[""Patch"",""Reboot""]",false,,[],"{""package"":""pkg2"",""version"":""1.2.0""}"
64fa1a2b3c4d5e6f7a8b9c0d,536a4316e960109d632925de,inspector,Vuln 103,Auto-sample vulnerability,,medium,in_progress,2025-10-06T02:31:52.133Z,2025-10-09T03:05:51.588Z,,"[""Patch"",""Reboot""]",false,,[],"{""package"":""pkg3"",""version"":""1.3.1""}"
64fa1a2b3c4d5e6f7a8b9c0d,eadbe7a0c29ff0f3cb778ad4,inspector,Vuln 104,Auto-sample vulnerability,,medium,resolved,2025-10-08T18:57:23.266Z,2025-10-09T12:24:46.932Z,2025-10-10T18:53:50.423Z,"[""Patch"",""Reboot""]",false,,[],"{""package"":""pkg4"",""version"":""1.4.2""}"
64fa1a2b3c4d5e6f7a8b9c0d,3494e25697a470829e22ec9f,custom_scanner,Vuln 105,Auto-sample vulnerability,CVE-2025-1105,low,in_progress,2025-10-06T12:29:15.193Z,2025-10-11T05:56:21.682Z,,"[""Patch"",""Reboot""]",true,patch-lambda-105,[],"{""package"":""pkg5"",""version"":""1.0.0""}"
64fa1a2b3c4d5e6f7a8b9c0d,8a3ca023ca8b0a4912148cef,manual,Vuln 106,Auto-sample vulnerability,,medium,resolved,2025-10-05T03:49:08.464Z,2025-10-09T18:39:05.712Z,,"[""Patch"",""Reboot""]",false,,[],"{""package"":""pkg6"",""version"":""1.1.1""}"
64fa1a2b3c4d5e6f7a8b9c0d,6cc56f81804643f1b9e478b2,inspector,Vuln 107,Auto-sample vulnerability,,critical,in_progress,2025-10-08T03:09:46.163Z,2025-10-05T12:09:04.648Z,,"[""Patch"",""Reboot""]",false,,[],"{""package"":""pkg7"",""version"":""1.2.2""}"
64fa1a2b3c4d5e6f7a8b9c0d,b2229595292acf2cde230aed,inspector,Vuln 108,Auto-sample vulnerability,CVE-2025-1108,high,open,2025-10-05T22:00:44.751Z,2025-10-07T03:50:12.618Z,2025-10-07T01:38:59.950Z,"[""Patch"",""Reboot""]",false,,[],"{""package"":""pkg8"",""version"":""1.3.0""}"
64fa1a2b3c4d5e6f7a8b9c0d,2661e77fce24b33f44fc816f,custom_scanner,Vuln 109,Auto-sample vulnerability,,low,in_progress,2025-10-09T13:08:00.636Z,2025-10-11T08:00:40.756Z,,"[""Patch"",""Reboot""]",false,,[],"{""package"":""pkg9"",""version"":""1.4.1""}"
64fa1a2b3c4d5e6f7a8b9c0d,20c536fb79128c27f69cdb96,inspector,Vuln 110,Auto-sample vulnerability,,medium,ignored,2025-10-08T00:10:01.295Z,2025-10-10T05:06:05.316Z,,"[""Patch"",""Reboot""]",true,patch-lambda-110,[],"{""package"":""pkg0"",""version"":""1.0.2""}"
64fa1a2b3c4d5e6f7a8b9c0d,7e473334b72e7b9e55f3a493,custom_scanner,Vuln 111,Auto-sample vulnerability,CVE-2025-1111,critical,ignored,2025-10-11T07:21:44.563Z,2025-10-07T10:27:17.555Z,,"[""Patch"",""Reboot""]",false,,[],"{""package"":""pkg1"",""version"":""1.1.0""}"
64fa1a2b3c4d5e6f7a8b9c0d,5588f14baf48fc0010eb5318,inspector,Vuln 112,Auto-sample vulnerability,,critical,resolved,2025-10-08T04:57:36.345Z,2025-10-10T14:58:31.092Z,2025-10-11T04:20:20.089Z,"[""Patch"",""Reboot""]",false,,[],"{""package"":""pkg2"",""version"":""1.2.1""}"
64fa1a2b3c4d5e6f7a8b9c0d,0320867ac7fa0a4ebb121060,custom_scanner,Vuln 113,Auto-sample vulnerability,,critical,ignored,2025-10-06T19:44:24.274Z,2025-10-08T13:12:26.794Z,,"[""Patch"",""Reboot""]",false,,[],"{""package"":""pkg3"",""version"":""1.3.2""}"
64fa1a2b3c4d5e6f7a8b9c0d,7e473334b72e7b9e55f3a493,custom_scanner,Vuln 114,Auto-sample vulnerability,CVE-2025-1114,medium,ignored,2025-10-07T15:12:36.515Z,2025-10-05T21:53:51.548Z,,"[""Patch"",""Reboot""]",false,,[],"{""package"":""pkg4"",""version"":""1.4.0""}"
64fa1a2b3c4d5e6f7a8b9c0d,41daa28b9f8bf6194b91c487,custom_scanner,Vuln 115,Auto-sample vulnerability,,high,open,2025-10-09T00:52:52.095Z,2025-10-05T03:46:36.757Z,,"[""Patch"",""Reboot""]",true,patch-lambda-115,[],"{""package"":""pkg5"",""version"":""1.0.1""}"
64fa1a2b3c4d5e6f7a8b9c0d,e553a4b3bd18ac66c8572d99,custom_scanner,Vuln 116,Auto-sample vulnerability,,critical,resolved,2025-10-07T21:12:02.706Z,2025-10-04T22:55:55.984Z,2025-10-11T03:10:07.693Z,"[""Patch"",""Reboot""]",false,,[],"{""package"":""pkg6"",""version"":""1.1.2""}"
64fa1a2b3c4d5e6f7a8b9c0d,a766b00fa3e9614a02dc5af1,inspector,Vuln 117,Auto-sample vulnerability,CVE-2025-1117,medium,open,2025-10-05T10:57:43.768Z,2025-10-05T23:33:50.692Z,,"[""Patch"",""Reboot""]",false,,[],"{""package"":""pkg7"",""version"":""1.2.0""}"
64fa1a2b3c4d5e6f7a8b9c0d,fcaec17f656e4df63f273fc2,manual,Vuln 118,Auto-sample vulnerability,,high,resolved,2025-10-10T00:13:13.403Z,2025-10-10T12:34:17.271Z,,"[""Patch"",""Reboot""]",false,,[],"{""package"":""pkg8"",""version"":""1.3.1""}"
64fa1a2b3c4d5e6f7a8b9c0d,4c716f38fb964b7a7f053698,custom_scanner,Vuln 119,Auto-sample vulnerability,,high,resolved,2025-10-07T12:40:56.267Z,2025-10-06T18:04:33.887Z,,"[""Patch"",""Reboot""]",false,,[],"{""package"":""pkg9"",""version"":""1.4.2""}"
64fa1a2b3c4d5e6f7a8b9c0d,cfe951800dfb1b596df954a9,manual,Vuln 120,Auto-sample vulnerability,CVE-2025-1120,medium,open,2025-10-10T12:18:16.323Z,2025-10-07T18:33:31.547Z,2025-10-09T18:04:57.618Z,"[""Patch"",""Reboot""]",true,patch-lambda-120,[],"{""package"":""pkg0"",""version"":""1.0.0""}"